"年月","總編號","處理單位","處理編號","年","月","日","時","分","縣市","區","村里","鄰","街道","段","巷","弄","號","公尺處","街道.1","段.1","側","附近","道路","公里","公尺處.1","向","車道","平交道","公里.1","公尺處.2","附近.1","死","受傷","X2.30","天候","光線","道路類別","速限","道路型態","事故位置","路面鋪裝","路面狀態","路面缺陷","障礙物","視距","號誌種類","號誌動作","分向設施","快車道或一般車道間","快慢車道間","路面邊線","事故類型及型態","主要肇因","警局","分局","案件類別","事故類別","日期","道路1","道路2","概略位置","lon","lat"
10205,"10205Y00020017","YZA1","10205YZ000016",2013,5,14,7,50,"金門縣","金寧鄉","",NA,"","","",NA,"","","","","","埔後135號後方路口",NA,NA,NA,NA,NA,NA,NA,NA,NA,0,1,0,"晴","日間自然光線","村里道路",40,"四岔路","交岔路口內","柏油","乾燥","無缺陷","無障礙物","良好","無號誌","無號誌","無分向設施","未繪設車道線","未繪設快慢車道分隔線","有","路口交岔撞","未依規定讓車","Y000","YZ00",1,2,"2013-05-14","金門縣金寧鄉埔後135號後方路口","","金門縣金寧鄉埔後135號後方路口",118.317029,24.442928
10309,"","YYA1","10309YY000052",2014,9,22,16,20,"金門縣","金湖鎮","",NA,"","","",NA,"","","","","","金門醫院旁公用停車場",NA,NA,NA,NA,NA,NA,NA,NA,NA,0,0,0,"晴","日間自然光線","其他",40,"三岔路","交岔口附近","柏油","乾燥","無缺陷","無障礙物","良好","無號誌","無號誌","無分向設施","未繪設車道線","未繪設快慢車道分隔線","無","倒車撞","倒車未依規定","Y000","YY00",1,4,"2014-09-22","金門縣金湖鎮金門醫院旁公用停車場","","金門縣金湖鎮金門醫院旁公用停車場",118.4279933,24.4376913
10205,"10205Y00020030","YZA1","10205YZ000046",2013,5,26,16,2,"金門縣","金寧鄉","",NA,"大學路","","",NA,"","","","","","理工大樓旁",NA,NA,NA,NA,NA,NA,NA,NA,NA,0,1,0,"晴","日間自然光線","村里道路",40,"三岔路","交岔路口內","水泥","乾燥","無缺陷","無障礙物","良好","無號誌","無號誌","無標記","未繪設車道線","未繪設快慢車道分隔線","有","其他","未依規定讓車","Y000","YZ00",1,2,"2013-05-26","大學路","","金門縣金寧鄉理工大樓旁",118.325279,24.4466751
10301,"10301Y00020021","YZA1","10301YZ000029",2014,1,11,19,20,"金門縣","金城鎮","",NA,"","","",NA,"","","","","","環島北路29號前路段",NA,NA,NA,NA,NA,NA,NA,NA,NA,0,1,0,"晴","夜間（或隧道、地下道、涵洞）有照明","村里道路",60,"直路","一般車道（未劃分快慢車道）","柏油","乾燥","無缺陷","無障礙物","良好","無號誌","無號誌","無標記","未繪設車道線","未繪設快慢車道分隔線","有","其他","起步未注意其他車（人）安全","Y000","YZ00",1,2,"2014-01-11","金門縣金城鎮環島北路29號前路段","","金門縣金城鎮環島北路29號前路段",118.322662,24.441264
10206,"10206Y00020011","YYA1","10206YY000018",2013,6,13,10,50,"金門縣","金湖鎮","",NA,"環島南路","三","",NA,"","","","","","05830號路燈桿",NA,NA,NA,NA,NA,NA,NA,NA,NA,0,2,0,"晴","日間自然光線","村里道路",60,"直路","一般車道（未劃分快慢車道）","柏油","乾燥","無缺陷","無障礙物","良好","無號誌","無號誌","無標記","車道線（無標記）","未繪設快慢車道分隔線","有","路上翻車、摔倒","未注意車前狀態","Y000","YY00",1,2,"2013-06-13","環島南路三段","","金門縣金湖鎮05830號路燈桿",118.3757827,24.4398961
10308,"10308Y00020011","YYA1","10308YY000006",2014,8,6,7,58,"金門縣","金湖鎮","",NA,"市港路","","",NA,"","","","","","武德新莊路口C014桿",NA,NA,NA,NA,NA,NA,NA,NA,NA,0,2,0,"晴","日間自然光線","村里道路",50,"三岔路","交岔路口內","柏油","乾燥","無缺陷","路上有停車","路上停放車輛","無號誌","無號誌","無分向設施","未繪設車道線","未繪設快慢車道分隔線","有","側撞","左轉彎未依規定","Y000","YY00",1,2,"2014-08-06","市港路","","金門縣金湖鎮武德新莊路口C014桿",118.4099121,24.4348324
10206,"10206Y00030001","YZA1","10206YZ000006",2013,6,2,15,36,"金門縣","金城鎮","",NA,"珠浦北路","","",NA,"34-1","","","","","停車格內",NA,NA,NA,NA,NA,NA,NA,NA,NA,0,0,0,"晴","日間自然光線","村里道路",40,"直路","一般車道（未劃分快慢車道）","其他鋪裝","乾燥","無缺陷","無障礙物","良好","無號誌","無號誌","無分向設施","未繪設車道線","未繪設快慢車道分隔線","無","其他","不明原因肇事","Y000","YZ00",1,3,"2013-06-02","珠浦北路34-1號","","金門縣金城鎮停車格內",118.3172552,24.4337778
10309,"10309Y00020045","YYA1","10309YY000007",2014,9,5,9,17,"金門縣","金湖鎮","山外里",NA,"黃海路","","",NA,"","","","","","順益車行前1369路燈桿",NA,NA,NA,NA,NA,NA,NA,NA,NA,0,1,0,"晴","日間自然光線","村里道路",60,"直路","慢車道","柏油","乾燥","無缺陷","無障礙物","良好","無號誌","無號誌","無標記","未繪設車道線","未繪設快慢車道分隔線","有","撞路樹、電桿","酒醉（後）駕駛失控","Y000","YY00",1,2,"2014-09-05","黃海路","","金門縣金湖鎮山外里順益車行前1369路燈桿",118.4256931,24.452032
10206,"","YZA1","10206YZ000012",2013,6,8,9,20,"金門縣","金城鎮","",NA,"環島北路","一","",NA,"","","","","","文化局前路段",NA,NA,NA,NA,NA,NA,NA,NA,NA,0,0,0,"晴",NA,NA,60,NA,NA,NA,NA,NA,NA,NA,NA,NA,NA,NA,NA,NA,NA,NA,"Y000","YZ00",1,4,"2013-06-08","環島北路一段","","金門縣金城鎮文化局前路段",118.3283226,24.4462231
10309,"10309Y00020010","YZA1","10309YZ000022",2014,9,10,15,16,"金門縣","金寧鄉","",NA,"伯玉路","二","",NA,"","","","","","金民加油站前路段",NA,NA,NA,NA,NA,NA,NA,NA,NA,0,2,0,"晴","日間自然光線","村里道路",70,"三岔路","交岔路口內","柏油","乾燥","無缺陷","無障礙物","良好","無號誌","無號誌","無分向設施","未繪設車道線","未繪設快慢車道分隔線","有","側撞","右轉彎未依規定","Y000","YZ00",1,2,"2014-09-10","伯玉路二段","","金門縣金寧鄉金民加油站前路段",118.3416148,24.4414563
10206,"10206Y00030005","YZA1","10206YZ000045",2013,6,30,12,45,"金門縣","金寧鄉","",NA,"","","",NA,"","","","","","埔後115號後方路口",NA,NA,NA,NA,NA,NA,NA,NA,NA,0,0,0,"晴","日間自然光線","村里道路",40,"四岔路","交岔路口內","柏油","乾燥","無缺陷","無障礙物","良好","無號誌","無號誌","無分向設施","未繪設車道線","未繪設快慢車道分隔線","有","路口交岔撞","未依規定讓車","Y000","YZ00",1,3,"2013-06-30","金門縣金寧鄉埔後115號後方路口","","金門縣金寧鄉埔後115號後方路口",118.317029,24.442928
10303,"10303Y00020043","YZA1","10303YZ000062",2014,3,31,8,20,"金門縣","金城鎮","",NA,"民生路","","",NA,"","","","","","大同之家旁路口",NA,NA,NA,NA,NA,NA,NA,NA,NA,0,1,0,"雨","日間自然光線","鄉道",40,"四岔路","交岔路口內","柏油","濕潤","無缺陷","無障礙物","良好","無號誌","無號誌","無分向設施","未繪設車道線","未繪設快慢車道分隔線","有","路口交岔撞","未依規定讓車","Y000","YZ00",1,2,"2014-03-31","民生路","","金門縣金城鎮大同之家旁路口",118.3190184,24.43575
10207,"","YYA1","10207YY000013",2013,7,7,15,14,"金門縣","金沙鎮","官嶼里",NA,"","","",NA,"","","","","","塘頭2號前",NA,NA,NA,NA,NA,NA,NA,NA,NA,0,0,0,"晴","日間自然光線","其他",40,"廣場","其他","其他鋪裝","乾燥","無缺陷","無障礙物","良好","無號誌","無號誌","無分向設施","未繪設車道線","未繪設快慢車道分隔線","無","倒車撞","倒車未依規定","Y000","YY00",1,4,"2013-07-07","金門縣金沙鎮官嶼里塘頭2號前","","金門縣金沙鎮官嶼里塘頭2號前",118.4143898,24.5154859
10303,"","YZA1","10303YZ000041",2014,3,21,15,43,"金門縣","金城鎮","",NA,"民權路","","226",4,"16","","","","","",NA,NA,NA,NA,NA,NA,NA,NA,NA,0,0,0,"晴",NA,NA,40,NA,NA,NA,NA,NA,NA,NA,NA,NA,NA,NA,NA,NA,NA,NA,"Y000","YZ00",1,4,"2014-03-21","民權路226巷4弄16號","","金門縣金城鎮",118.3193849,24.4396401
10207,"10207Y00020006","YYA1","10207YY000014",2013,7,8,7,38,"金門縣","金湖鎮","",NA,"伯玉路","三","",NA,"","","中山路","","","",NA,NA,NA,NA,NA,NA,NA,NA,NA,0,1,0,"晴","日間自然光線","村里道路",70,"四岔路","交岔路口內","柏油","乾燥","無缺陷","無障礙物","良好","行車管制號誌","正常","無分向設施","未繪設車道線","未繪設快慢車道分隔線","有","同向擦撞","未保持行車安全間隔","Y000","YY00",1,2,"2013-07-08","伯玉路三段","中山路","",118.3650088,24.44601623
10210,"10210Y00020020","YZA1","10210YZ000032",2013,10,16,21,25,"金門縣","金城鎮","",NA,"伯玉路","一","",NA,"","","","","","鈞統大賣場附近路段",NA,NA,NA,NA,NA,NA,NA,NA,NA,0,3,0,"晴","夜間（或隧道、地下道、涵洞）有照明","村里道路",60,"直路","慢車道","柏油","乾燥","無缺陷","無障礙物","良好","無號誌","無號誌","無標記","未繪設車道線","快慢車道分隔線","有","追撞","未保持行車安全距離","Y000","YZ00",1,2,"2013-10-16","伯玉路一段","","金門縣金城鎮鈞統大賣場附近路段",118.3267756,24.4346914
10312,"10312Y00020040","YZA1","10312YZ000050",2014,12,20,20,0,"金門縣","金城鎮","",NA,"民生路","","",NA,"","","","","","53號前",NA,NA,NA,NA,NA,NA,NA,NA,NA,0,2,0,"陰","夜間（或隧道、地下道、涵洞）有照明","村里道路",40,"直路","一般車道（未劃分快慢車道）","柏油","乾燥","無缺陷","無障礙物","良好","無號誌","無號誌","無標記","未繪設車道線","未繪設快慢車道分隔線","有","側撞","未依規定讓車","Y000","YZ00",1,2,"2014-12-20","民生路","","金門縣金城鎮53號前",118.3190184,24.43575
10207,"","YYA1","10207YY000023",2013,7,9,18,20,"金門縣","金湖鎮","",NA,"太湖路","一","",NA,"","","","","","",NA,NA,NA,NA,NA,NA,NA,NA,NA,0,0,0,"晴",NA,NA,40,NA,NA,NA,NA,NA,NA,NA,NA,NA,NA,NA,NA,NA,NA,NA,"Y000","YY00",1,4,"2013-07-09","太湖路一段","","金門縣金湖鎮",118.4047483,24.4473343
10209,"","YYA1","10209YY000018",2013,9,10,20,55,"金門縣","金湖鎮","",NA,"太湖路","一","",NA,"","","","","","軍用加油站路段",NA,NA,NA,NA,NA,NA,NA,NA,NA,0,0,0,NA,NA,NA,0,NA,NA,NA,NA,NA,NA,NA,NA,NA,NA,NA,NA,NA,NA,NA,"Y000","YY00",1,4,"2013-09-10","太湖路一段","","金門縣金湖鎮軍用加油站路段",118.4047483,24.4473343
10207,"","YZA1","10207YZ000030",2013,7,16,18,7,"金門縣","金城鎮","北門里",NA,"民生路","","",NA,"","","中興路","","","",NA,NA,NA,NA,NA,NA,NA,NA,NA,0,0,0,NA,NA,NA,0,NA,NA,NA,NA,NA,NA,NA,NA,NA,NA,NA,NA,NA,NA,NA,"Y000","YZ00",1,4,"2013-07-16","民生路","中興路","",118.319696,24.43433386
10207,"10207Y00020010","YZA1","10207YZ000031",2013,7,19,8,7,"金門縣","金城鎮","西門里",NA,"民權路","","",NA,"","","環島西路","二","","",NA,NA,NA,NA,NA,NA,NA,NA,NA,0,2,0,"晴","日間自然光線","村里道路",40,"四岔路","交岔路口內","柏油","濕潤","無缺陷","無障礙物","良好","行車管制號誌","正常","無分向設施","未繪設車道線","未繪設快慢車道分隔線","有","追撞","未注意車前狀態","Y000","YZ00",1,2,"2013-07-19","民權路","環島西路二段","",118.3210727,24.4399025
10212,"10212Y00020037","YZA1","10212YZ000051",2013,12,19,11,0,"金門縣","金城鎮","",NA,"民權路","","",NA,"188","","","","","",NA,NA,NA,NA,NA,NA,NA,NA,NA,0,2,0,"晴","日間自然光線","村里道路",50,"三岔路","交岔口附近","柏油","乾燥","無缺陷","無障礙物","良好","無號誌","無號誌","無標記","未繪設車道線","未繪設快慢車道分隔線","有","其他","起步未注意其他車（人）安全","Y000","YZ00",1,2,"2013-12-19","民權路188號","","金門縣金城鎮",118.3197267,24.4385954
10207,"10207Y00020014","YZA1","10207YZ000038",2013,7,22,8,30,"金門縣","金寧鄉","榜林村",NA,"環島南路","","",NA,"","","","","","中心教練場0709號燈桿",NA,NA,NA,NA,NA,NA,NA,NA,NA,0,1,0,"晴","日間自然光線","村里道路",50,"直路","一般車道（未劃分快慢車道）","柏油","乾燥","無缺陷","無障礙物","良好","無號誌","無號誌","無標記","未繪設車道線","未繪設快慢車道分隔線","有","側撞","迴轉未依規定","Y000","YZ00",1,2,"2013-07-22","環島南路","","金門縣金寧鄉榜林村中心教練場0709號燈桿",118.3757827,24.4398961
10211,"10211Y00020020","YYA1","10211YY000027",2013,11,19,11,34,"金門縣","金湖鎮","",NA,"太湖路","一","",NA,"","","公園路","","","",NA,NA,NA,NA,NA,NA,NA,NA,NA,0,1,0,"晴","日間自然光線","村里道路",50,"四岔路","交岔路口內","柏油","乾燥","無缺陷","無障礙物","良好","閃光號誌","正常","無分向設施","未繪設車道線","未繪設快慢車道分隔線","有","追撞","未保持行車安全距離","Y000","YY00",1,2,"2013-11-19","太湖路一段","公園路","",118.4034739,24.44823238
10207,"10207Y00030001","YZA1","10207YZ000041",2013,7,24,15,5,"金門縣","金城鎮","",NA,"","","",NA,"","","","","","珠山14之1號",NA,NA,NA,NA,NA,NA,NA,NA,NA,0,0,0,"晴","日間自然光線","村里道路",30,"巷弄","一般車道（未劃分快慢車道）","其他鋪裝","乾燥","無缺陷","路上有停車","良好","無號誌","無號誌","無分向設施","未繪設車道線","未繪設快慢車道分隔線","無","其他","違規停車或暫停不當而肇事","Y000","YZ00",1,3,"2013-07-24","金門縣金城鎮珠山14之1號","","金門縣金城鎮珠山14之1號",118.3166667,24.4166667
10305,"10305Y00030002","YZA1","10305YZ000018",2014,5,7,17,55,"金門縣","金城鎮","",NA,"環島西路","一","",NA,"","","","","","14號前路段",NA,NA,NA,NA,NA,NA,NA,NA,NA,0,0,0,"雨","日間自然光線","村里道路",50,"直路","一般車道（未劃分快慢車道）","柏油","濕潤","無缺陷","無障礙物","良好","無號誌","無號誌","無標記","未繪設車道線","未繪設快慢車道分隔線","有","追撞","未保持行車安全距離","Y000","YZ00",1,3,"2014-05-07","環島西路一段","","金門縣金城鎮14號前路段",118.3184801,24.4172073
10207,"10207Y00020019","YZA1","10207YZ000048",2013,7,27,16,47,"金門縣","金城鎮","",NA,"","","",NA,"","","","","","延平路03921號燈桿前路口",NA,NA,NA,NA,NA,NA,NA,NA,NA,0,2,0,"晴","日間自然光線","村里道路",40,"四岔路","交岔路口內","柏油","乾燥","無缺陷","無障礙物","良好","無號誌","無號誌","無分向設施","未繪設車道線","未繪設快慢車道分隔線","有","路口交岔撞","未依規定讓車","Y000","YZ00",1,2,"2013-07-27","金門縣金城鎮延平路03921號燈桿前路口","","金門縣金城鎮延平路03921號燈桿前路口",118.304405,24.424809
10303,"10303Y00020027","YYA1","10303YY000037",2014,3,15,11,6,"金門縣","金湖鎮","",NA,"","","",NA,"","","","","","武德新莊紅龍餐",NA,NA,NA,NA,NA,NA,NA,NA,NA,0,0,0,NA,NA,NA,0,NA,NA,NA,NA,NA,NA,NA,NA,NA,NA,NA,NA,NA,NA,NA,"","",NA,NA,"2014-03-15","金門縣金湖鎮武德新莊紅龍餐","","金門縣金湖鎮武德新莊紅龍餐",118.41389,24.439779
10207,"10207Y00020022","YZA1","10207YZ000060",2013,7,30,18,25,"金門縣","金寧鄉","榜林村",NA,"伯玉路","一","",NA,"232-4","","","","","",NA,NA,NA,NA,NA,NA,NA,NA,NA,0,2,0,"晴","夜間（或隧道、地下道、涵洞）有照明","鄉道",60,"四岔路","交岔口附近","柏油","乾燥","無缺陷","無障礙物","良好","閃光號誌","正常","附標記","未繪設車道線","快慢車道分隔線","有","追撞","未保持行車安全距離","Y000","YZ00",1,2,"2013-07-30","伯玉路一段232-4號","","金門縣金寧鄉榜林村",118.3267756,24.4346914
10306,"10306Y00020003","YZA1","10306YZ000006",2014,6,4,7,56,"金門縣","金城鎮","",NA,"","","",NA,"","","","","","富康一村9巷18號旁路口",NA,NA,NA,NA,NA,NA,NA,NA,NA,0,1,0,"晴","日間自然光線","村里道路",40,"四岔路","交岔路口內","其他鋪裝","乾燥","無缺陷","無障礙物","良好","無號誌","無號誌","無分向設施","未繪設車道線","未繪設快慢車道分隔線","有","側撞","未依規定讓車","Y000","YZ00",1,2,"2014-06-04","金門縣金城鎮富康一村9巷18號旁路口","","金門縣金城鎮富康一村9巷18號旁路口",118.320257,24.437578
10208,"","YYA1","10208YY000018",2013,8,10,17,8,"金門縣","金沙鎮","",NA,"環島東路","一","",NA,"","","","","","金沙國小前路段",NA,NA,NA,NA,NA,NA,NA,NA,NA,0,0,0,NA,NA,NA,0,NA,NA,NA,NA,NA,NA,NA,NA,NA,NA,NA,NA,NA,NA,NA,"Y000","YY00",1,4,"2013-08-10","環島東路一段","","金門縣金沙鎮金沙國小前路段",118.4213083,24.4841071
10212,"10212Y00030005","YYA1","10212YY000043",2013,12,16,17,35,"金門縣","金湖鎮","新湖里",NA,"太湖路","一","",NA,"","","","","","1477路燈前",NA,NA,NA,NA,NA,NA,NA,NA,NA,0,0,0,"雨","夜間（或隧道、地下道、涵洞）有照明","村里道路",50,"直路","一般車道（未劃分快慢車道）","柏油","濕潤","無缺陷","無障礙物","良好","無號誌","無號誌","無標記","未繪設車道線","未繪設快慢車道分隔線","有","追撞","未保持行車安全距離","Y000","YY00",1,3,"2013-12-16","太湖路一段","","金門縣金湖鎮新湖里1477路燈前",118.4047483,24.4473343
10208,"10208Y00020019","YYA1","10208YY000024",2013,8,13,11,45,"金門縣","金湖鎮","",NA,"金港路","","",NA,"","","","","","媽祖公園路口",NA,NA,NA,NA,NA,NA,NA,NA,NA,0,2,0,"晴","日間自然光線","村里道路",40,"四岔路","交岔路口內","柏油","乾燥","無缺陷","無障礙物","良好","無號誌","無號誌","無分向設施","未繪設車道線","未繪設快慢車道分隔線","有","路口交岔撞","未依規定讓車","Y000","YY00",1,2,"2013-08-13","金港路","","金門縣金湖鎮媽祖公園路口",118.4341546,24.4172342
10306,"10306Y00020022","YZA1","10306YZ000025",2014,6,10,15,25,"金門縣","金城鎮","金水里",NA,"西海路","二","",NA,"","","珠水路","","","",NA,NA,NA,NA,NA,NA,NA,NA,NA,0,1,0,"晴","日間自然光線","鄉道",50,"四岔路","交岔路口內","柏油","乾燥","無缺陷","無障礙物","良好","閃光號誌","正常","無分向設施","未繪設車道線","未繪設快慢車道分隔線","有","其他","裝載未盡安全措施","Y000","YZ00",1,2,"2014-06-10","西海路二段","珠水路","",118.2998287,24.41079517
10208,"10208Y00020021","YYA1","10208YY000030",2013,8,18,17,40,"金門縣","金湖鎮","",NA,"市港路","","",NA,"","","","","","武德新莊第二路口",NA,NA,NA,NA,NA,NA,NA,NA,NA,0,1,0,"晴","日間自然光線","村里道路",50,"三岔路","交岔路口內","柏油","乾燥","無缺陷","無障礙物","良好","無號誌","無號誌","無分向設施","未繪設車道線","快慢車道分隔線","有","側撞","左轉彎未依規定","Y000","YY00",1,2,"2013-08-18","市港路","","金門縣金湖鎮武德新莊第二路口",118.4099121,24.4348324
10301,"10301Y00020036","YYA1","10301YY000048",2014,1,19,14,12,"金門縣","金湖鎮","新湖里",NA,"太湖路","一","",NA,"","","","","","1479路燈桿前",NA,NA,NA,NA,NA,NA,NA,NA,NA,0,1,0,"晴","日間自然光線","村里道路",50,"直路","一般車道（未劃分快慢車道）","柏油","乾燥","無缺陷","無障礙物","良好","無號誌","無號誌","無標記","未繪設車道線","未繪設快慢車道分隔線","有","同向擦撞","未保持行車安全間隔","Y000","YY00",1,2,"2014-01-19","太湖路一段","","金門縣金湖鎮新湖里1479路燈桿前",118.4047483,24.4473343
10208,"10208Y00020004","YZA1","10208YZ000006",2013,8,3,9,0,"金門縣","金寧鄉","",NA,"","","",NA,"","","","","","南山1之2號前",NA,NA,NA,NA,NA,NA,NA,NA,NA,0,1,0,"晴","日間自然光線","村里道路",30,"直路","一般車道（未劃分快慢車道）","其他鋪裝","乾燥","無缺陷","無障礙物","良好","無號誌","無號誌","無分向設施","未繪設車道線","未繪設快慢車道分隔線","無","撞護欄（樁）","未注意車前狀態","Y000","YZ00",1,2,"2013-08-03","金門縣金寧鄉南山1之2號前","","金門縣金寧鄉南山1之2號前",118.307432,24.4785262
10301,"10301Y00020038","YZA1","10301YZ000051",2014,1,21,17,42,"金門縣","金寧鄉","",NA,"桃園路","","",NA,"","","","","","靠近伯玉路一段路口",NA,NA,NA,NA,NA,NA,NA,NA,NA,0,1,0,"晴","日間自然光線","村里道路",50,"四岔路","交岔口附近","柏油","乾燥","無缺陷","無障礙物","良好","行車管制號誌","正常","無標記","未繪設車道線","未繪設快慢車道分隔線","有","追撞","未保持行車安全距離","Y000","YZ00",1,2,"2014-01-21","桃園路","","金門縣金寧鄉靠近伯玉路一段路口",118.3446627,24.4317794
10208,"10208Y00020010","YZA1","10208YZ000012",2013,8,8,17,40,"金門縣","金寧鄉","榜林村",NA,"伯玉路","一","",NA,"","","","","","榜林圓環",NA,NA,NA,NA,NA,NA,NA,NA,NA,0,2,0,"晴","日間自然光線","縣道",50,"圓環","一般車道（未劃分快慢車道）","柏油","乾燥","無缺陷","無障礙物","良好","無號誌","無號誌","無分向設施","車道線（無標記）","未繪設快慢車道分隔線","有","其他","未注意車前狀態","Y000","YZ00",1,2,"2013-08-08","伯玉路一段","","金門縣金寧鄉榜林村榜林圓環",118.3267756,24.4346914
10208,"10208Y00020009","YZA1","10208YZ000013",2013,8,8,17,15,"金門縣","金寧鄉","",NA,"林堡路","","",NA,"","","","","","福寓宮前路段",NA,NA,NA,NA,NA,NA,NA,NA,NA,0,2,0,"晴","日間自然光線","鄉道",40,"三岔路","交岔口附近","柏油","乾燥","無缺陷","無障礙物","良好","無號誌","無號誌","無標記","未繪設車道線","未繪設快慢車道分隔線","有","穿越道路中","未注意車前狀態","Y000","YZ00",1,2,"2013-08-08","林堡路","","金門縣金寧鄉福寓宮前路段",118.3345146,24.4434579
10208,"10208Y00020026","YZA1","10208YZ000040",2013,8,24,11,26,"金門縣","金寧鄉","",NA,"慈湖路","一","",NA,"","","","","","全聯福利中心前路段",NA,NA,NA,NA,NA,NA,NA,NA,NA,0,2,0,"晴","日間自然光線","村里道路",40,"三岔路","交岔路口內","柏油","乾燥","無缺陷","無障礙物","良好","無號誌","無號誌","無分向設施","未繪設車道線","未繪設快慢車道分隔線","有","側撞","未依規定讓車","Y000","YZ00",1,2,"2013-08-24","慈湖路一段","","金門縣金寧鄉全聯福利中心前路段",118.3117387,24.4416084
10208,"10208Y00020038","YZA1","10208YZ000054",2013,8,28,22,25,"金門縣","金城鎮","西門里",NA,"民生路","","45",NA,"20","","","","","",NA,NA,NA,NA,NA,NA,NA,NA,NA,0,2,0,"晴","夜間（或隧道、地下道、涵洞）有照明","鄉道",40,"三岔路","交岔路口內","柏油","乾燥","無缺陷","路上有停車","彎道","無號誌","無號誌","無分向設施","未繪設車道線","未繪設快慢車道分隔線","有","側撞","未靠右行駛","Y000","YZ00",1,2,"2013-08-28","民生路45巷20號","","金門縣金城鎮西門里",118.3190184,24.43575
10208,"10208Y00020031","YZA1","10208YZ000042",2013,8,25,16,45,"金門縣","金城鎮","東門里",NA,"民生路","","",NA,"","","","","","東門圓環內",NA,NA,NA,NA,NA,NA,NA,NA,NA,0,1,0,"晴","日間自然光線","村里道路",40,"圓環","一般車道（未劃分快慢車道）","柏油","乾燥","無缺陷","無障礙物","良好","無號誌","無號誌","無分向設施","車道線（無標記）","未繪設快慢車道分隔線","有","其他","未依規定讓車","Y000","YZ00",1,2,"2013-08-25","民生路","","金門縣金城鎮東門里東門圓環內",118.3190184,24.43575
10301,"10301Y00020046","YZA1","10301YZ000069",2014,1,28,17,30,"金門縣","金寧鄉","",NA,"伯玉路","一","",NA,"236","","","","","",NA,NA,NA,NA,NA,NA,NA,NA,NA,0,1,0,"晴","日間自然光線","村里道路",60,"三岔路","交岔路口內","柏油","乾燥","無缺陷","無障礙物","良好","無號誌","無號誌","無標記","未繪設車道線","快慢車道分隔線","有","側撞","右轉彎未依規定","Y000","YZ00",1,2,"2014-01-28","伯玉路一段236號","","金門縣金寧鄉",118.3267756,24.4346914
10209,"10209Y00020019","YYA1","10209YY000032",2013,9,16,6,10,"金門縣","金湖鎮","",NA,"四維路","","",NA,"","","","","","復國墩往溪邊路段",NA,NA,NA,NA,NA,NA,NA,NA,NA,0,2,0,"晴","日間自然光線","村里道路",50,"彎曲路及附近","一般車道（未劃分快慢車道）","柏油","乾燥","無缺陷","無障礙物","良好","無號誌","無號誌","附標記","未繪設車道線","未繪設快慢車道分隔線","有","路上翻車、摔倒","未依規定減速","Y000","YY00",1,2,"2013-09-16","四維路","","金門縣金湖鎮復國墩往溪邊路段",118.4499743,24.4314346
10311,"10311Y00020025","YZA1","10311YZ000035",2014,11,14,13,26,"金門縣","金寧鄉","",NA,"大學路","","",NA,"","","","","","07711號路燈桿",NA,NA,NA,NA,NA,NA,NA,NA,NA,0,1,0,"晴","日間自然光線","村里道路",40,"四岔路","交岔路口內","柏油","乾燥","無缺陷","無障礙物","良好","無號誌","無號誌","無標記","未繪設車道線","未繪設快慢車道分隔線","有","路上翻車、摔倒","未依規定減速","Y000","YZ00",1,2,"2014-11-14","大學路","","金門縣金寧鄉07711號路燈桿",118.325279,24.4466751
10209,"10209Y00020004","YZA1","10209YZ000006",2013,9,3,9,50,"金門縣","金城鎮","西門里",NA,"民權路","","",NA,"","","","","","救國團前路段",NA,NA,NA,NA,NA,NA,NA,NA,NA,0,1,0,"晴","日間自然光線","鄉道",40,"三岔路","交岔口附近","柏油","乾燥","無缺陷","無障礙物","良好","行車管制號誌","正常","附標記","未繪設車道線","未繪設快慢車道分隔線","有","側撞","未依規定讓車","Y000","YZ00",1,2,"2013-09-03","民權路","","金門縣金城鎮西門里救國團前路段",118.3168946,24.4355379
10301,"","YZA1","10301YZ000031",2014,1,12,7,30,"金門縣","金城鎮","西門里",NA,"民權路","","226",4,"22","","","","","",NA,NA,NA,NA,NA,NA,NA,NA,NA,0,0,0,NA,NA,NA,0,NA,NA,NA,NA,NA,NA,NA,NA,NA,NA,NA,NA,NA,NA,NA,"Y000","YZ00",1,4,"2014-01-12","民權路226巷4弄22號","","金門縣金城鎮西門里",118.3193849,24.4396401